,Frequency Method,Ngram Range,Number Neighbors,Proportion Correct
0,tfidf,"(1, 1)",10,0.7275204359673024
1,tfidf,"(1, 2)",10,0.7057220708446866
2,tfidf,"(1, 3)",10,0.7057220708446866
3,tfidf,"(2, 2)",10,0.6485013623978202
4,tfidf,"(2, 3)",10,0.6376021798365122
5,tfidf,"(3, 3)",10,0.6130790190735694
