,Frequency Method,Ngram Range,Number Neighbors,Proportion Correct
0,tfidf,"(1, 1)",9,0.7138964577656676
1,tfidf,"(1, 1)",10,0.7275204359673024
2,tfidf,"(1, 1)",11,0.7275204359673024
3,tfidf,"(1, 2)",9,0.7057220708446866
4,tfidf,"(1, 2)",10,0.7057220708446866
5,tfidf,"(1, 2)",11,0.7029972752043597
6,tfidf,"(1, 3)",9,0.7084468664850136
7,tfidf,"(1, 3)",10,0.7057220708446866
8,tfidf,"(1, 3)",11,0.6920980926430518
